{
  "hash": "4effea58",
  "configHash": "511c4940",
  "lockfileHash": "00236d55",
  "browserHash": "6613bc18",
  "optimized": {
    "@angular/common": {
      "src": "../../../../../../node_modules/@angular/common/fesm2022/common.mjs",
      "file": "@angular_common.js",
      "fileHash": "86163160",
      "needsInterop": false
    },
    "@angular/core": {
      "src": "../../../../../../node_modules/@angular/core/fesm2022/core.mjs",
      "file": "@angular_core.js",
      "fileHash": "14f81da2",
      "needsInterop": false
    },
    "@angular/forms": {
      "src": "../../../../../../node_modules/@angular/forms/fesm2022/forms.mjs",
      "file": "@angular_forms.js",
      "fileHash": "f9d152d5",
      "needsInterop": false
    },
    "@angular/material/button": {
      "src": "../../../../../../node_modules/@angular/material/fesm2022/button.mjs",
      "file": "@angular_material_button.js",
      "fileHash": "084288af",
      "needsInterop": false
    },
    "@angular/material/card": {
      "src": "../../../../../../node_modules/@angular/material/fesm2022/card.mjs",
      "file": "@angular_material_card.js",
      "fileHash": "62181fa4",
      "needsInterop": false
    },
    "@angular/material/dialog": {
      "src": "../../../../../../node_modules/@angular/material/fesm2022/dialog.mjs",
      "file": "@angular_material_dialog.js",
      "fileHash": "dae093f7",
      "needsInterop": false
    },
    "@angular/material/form-field": {
      "src": "../../../../../../node_modules/@angular/material/fesm2022/form-field.mjs",
      "file": "@angular_material_form-field.js",
      "fileHash": "677f4d82",
      "needsInterop": false
    },
    "@angular/material/icon": {
      "src": "../../../../../../node_modules/@angular/material/fesm2022/icon.mjs",
      "file": "@angular_material_icon.js",
      "fileHash": "9d44c76a",
      "needsInterop": false
    },
    "@angular/material/input": {
      "src": "../../../../../../node_modules/@angular/material/fesm2022/input.mjs",
      "file": "@angular_material_input.js",
      "fileHash": "0849ae4c",
      "needsInterop": false
    },
    "@angular/material/paginator": {
      "src": "../../../../../../node_modules/@angular/material/fesm2022/paginator.mjs",
      "file": "@angular_material_paginator.js",
      "fileHash": "aca3cd39",
      "needsInterop": false
    },
    "@angular/material/snack-bar": {
      "src": "../../../../../../node_modules/@angular/material/fesm2022/snack-bar.mjs",
      "file": "@angular_material_snack-bar.js",
      "fileHash": "9c8bd934",
      "needsInterop": false
    },
    "@angular/material/sort": {
      "src": "../../../../../../node_modules/@angular/material/fesm2022/sort.mjs",
      "file": "@angular_material_sort.js",
      "fileHash": "44a02b65",
      "needsInterop": false
    },
    "@angular/material/table": {
      "src": "../../../../../../node_modules/@angular/material/fesm2022/table.mjs",
      "file": "@angular_material_table.js",
      "fileHash": "f15af6a1",
      "needsInterop": false
    },
    "@angular/platform-browser": {
      "src": "../../../../../../node_modules/@angular/platform-browser/fesm2022/platform-browser.mjs",
      "file": "@angular_platform-browser.js",
      "fileHash": "c2559811",
      "needsInterop": false
    },
    "@angular/platform-browser/animations": {
      "src": "../../../../../../node_modules/@angular/platform-browser/fesm2022/animations.mjs",
      "file": "@angular_platform-browser_animations.js",
      "fileHash": "4e89701d",
      "needsInterop": false
    },
    "@ngrx/effects": {
      "src": "../../../../../../node_modules/@ngrx/effects/fesm2022/ngrx-effects.mjs",
      "file": "@ngrx_effects.js",
      "fileHash": "bbfe6781",
      "needsInterop": false
    },
    "@ngrx/store": {
      "src": "../../../../../../node_modules/@ngrx/store/fesm2022/ngrx-store.mjs",
      "file": "@ngrx_store.js",
      "fileHash": "8652274f",
      "needsInterop": false
    },
    "rxjs": {
      "src": "../../../../../../node_modules/rxjs/dist/esm5/index.js",
      "file": "rxjs.js",
      "fileHash": "904ad680",
      "needsInterop": false
    }
  },
  "chunks": {
    "chunk-KPU7OSOP": {
      "file": "chunk-KPU7OSOP.js"
    },
    "chunk-WHXGTSIH": {
      "file": "chunk-WHXGTSIH.js"
    },
    "chunk-TP2WYWBU": {
      "file": "chunk-TP2WYWBU.js"
    },
    "chunk-VG2ILPFJ": {
      "file": "chunk-VG2ILPFJ.js"
    },
    "chunk-32D32MOT": {
      "file": "chunk-32D32MOT.js"
    },
    "chunk-TVLAJIVY": {
      "file": "chunk-TVLAJIVY.js"
    },
    "chunk-CBDR6BDC": {
      "file": "chunk-CBDR6BDC.js"
    },
    "chunk-XG3BKOGR": {
      "file": "chunk-XG3BKOGR.js"
    },
    "chunk-UJKV5RXZ": {
      "file": "chunk-UJKV5RXZ.js"
    },
    "chunk-M4Z47PIG": {
      "file": "chunk-M4Z47PIG.js"
    },
    "chunk-7EDW3FV7": {
      "file": "chunk-7EDW3FV7.js"
    },
    "chunk-5TID76VL": {
      "file": "chunk-5TID76VL.js"
    }
  }
}